                  epoch,         train/box_loss,         train/cls_loss,         train/dfl_loss,   metrics/precision(B),      metrics/recall(B),       metrics/mAP50(B),    metrics/mAP50-95(B),           val/box_loss,           val/cls_loss,           val/dfl_loss,                 lr/pg0,                 lr/pg1,                 lr/pg2
                      0,                 3.3646,                 5.9909,                 4.4751,                0.00104,                0.20588,                0.00071,                0.00028,                 3.3117,                 4.8318,                 4.1528,                 0.0964,                 0.0004,                 0.0004
                      1,                 3.3979,                 5.4894,                 4.2611,                0.00105,                0.20588,                0.00075,                0.00028,                 3.3025,                  4.638,                 4.1412,               0.091896,             0.00089554,             0.00089554
                      2,                 3.6611,                 5.1545,                 4.3556,                0.00104,                0.20588,                0.00076,                0.00028,                 3.3009,                 4.5186,                 4.1314,               0.087386,              0.0013861,              0.0013861
                      3,                 3.1693,                 4.7493,                 4.2723,                0.00105,                0.20588,                0.00074,                0.00029,                 3.2983,                 4.4683,                 4.1242,               0.082872,              0.0018718,              0.0018718
                      4,                 3.7459,                 4.5799,                 4.2259,                0.00104,                0.20588,                0.00082,                0.00028,                 3.2984,                 4.4236,                 4.1152,               0.078352,              0.0023525,              0.0023525
                      5,                 3.5195,                 4.9018,                 4.1524,                0.00104,                0.20588,                0.00076,                0.00029,                 3.2944,                 4.3942,                 4.1077,               0.073828,              0.0028282,              0.0028282
                      6,                 3.7341,                 4.8382,                 4.2038,                0.00096,                0.19118,                 0.0007,                0.00031,                 3.2836,                 4.3638,                  4.099,               0.069299,               0.003299,               0.003299
                      7,                 3.9346,                 4.8216,                 4.1918,                 0.0012,                0.20588,                0.00083,                0.00032,                 3.2809,                  4.346,                 4.0926,               0.064765,              0.0037649,              0.0037649
                      8,                 3.4026,                 4.3426,                 4.1603,                0.00177,                0.07353,                0.00095,                0.00013,                 3.2753,                   4.33,                 4.0837,               0.060226,              0.0042258,              0.0042258
                      9,                 3.4645,                 4.2923,                 4.3105,                0.00141,                0.05882,                0.00075,                0.00011,                 3.2728,                 4.3239,                 4.0787,               0.055682,              0.0046817,              0.0046817
                     10,                 3.5828,                 3.9081,                  4.367,                0.00105,                0.04412,                0.00055,                  7e-05,                 3.2704,                 4.3219,                 4.0744,               0.051133,              0.0051327,              0.0051327
                     11,                 3.2435,                 4.0298,                  4.139,                0.00035,                0.01471,                0.00018,                  4e-05,                  3.268,                 4.3206,                 4.0713,               0.046579,              0.0055787,              0.0055787
                     12,                 3.6906,                 3.9551,                 4.3495,                0.00035,                0.01471,                0.00018,                  4e-05,                 3.2671,                 4.3229,                 4.0702,                0.04202,              0.0060198,              0.0060198
                     13,                 3.6542,                 3.4409,                 4.1303,                0.00035,                0.01471,                0.00018,                  4e-05,                 3.2649,                 4.3241,                 4.0679,               0.037456,               0.006456,               0.006456
                     14,                 3.3005,                 4.0934,                 4.0487,                0.00036,                0.01471,                0.00018,                  4e-05,                 3.2627,                 4.3192,                 4.0658,               0.032887,              0.0068872,              0.0068872
                     15,                 3.3226,                 3.3514,                 4.0019,                0.00036,                0.01471,                0.00018,                  4e-05,                 3.2611,                 4.3054,                 4.0637,               0.028313,              0.0073134,              0.0073134
                     16,                 3.1747,                 3.0497,                 3.8756,                0.00142,                0.05882,                0.00075,                0.00018,                 3.2585,                 4.2148,                 4.0479,               0.023735,              0.0077347,              0.0077347
                     17,                 3.1855,                 3.2537,                 3.7952,                0.00323,                0.16176,                0.03391,                0.01624,                 3.2039,                 4.0047,                 4.0236,               0.019151,              0.0081511,              0.0081511
                     18,                 2.8907,                 3.0733,                 3.8752,                0.00404,                   0.25,                0.03686,                0.02187,                 3.1405,                 3.8584,                  3.982,               0.014562,              0.0085625,              0.0085625
                     19,                 2.9878,                 3.0372,                 3.6593,                0.00627,                0.45588,                0.08134,                0.01853,                 3.1253,                 3.2365,                 3.7887,              0.0099689,              0.0089689,              0.0089689
                     20,                 3.0595,                 3.0373,                 3.6564,                0.00753,                0.69118,                0.17077,                0.04966,                 2.6599,                 2.9491,                 3.5699,                0.00901,                0.00901,                0.00901
                     21,                 2.9743,                 3.5749,                 3.3534,                0.02626,                0.13235,                0.01612,                0.00467,                 2.8021,                 36.519,                 3.7783,                0.00901,                0.00901,                0.00901
                     22,                 2.6406,                 3.3561,                 3.4517,                0.27252,                0.13235,                0.14517,                0.03497,                 2.5598,                  3.088,                 3.7774,              0.0089605,              0.0089605,              0.0089605
                     23,                   2.96,                 3.1219,                 3.2691,                0.08179,                0.20588,                0.13215,                 0.0363,                 2.6336,                 17.478,                 6.9943,               0.008911,               0.008911,               0.008911
                     24,                 2.7776,                 2.4921,                 3.3548,                0.19061,                0.16176,                0.16262,                0.05774,                 2.4609,                 3.1177,                 4.8079,              0.0088615,              0.0088615,              0.0088615
                     25,                 2.7298,                 2.6045,                 3.2197,                0.07655,                0.32353,                0.14625,                0.05182,                 2.8875,                 30.794,                  13.78,               0.008812,               0.008812,               0.008812
                     26,                 2.5323,                 2.7277,                 3.0316,                 0.4266,                0.13235,                 0.1239,                0.04033,                 3.0933,                 4.1907,                 10.209,              0.0087625,              0.0087625,              0.0087625
                     27,                 2.6979,                 2.4772,                 3.1518,                  0.236,                0.13235,                0.07557,                0.02337,                 3.2726,                 4.5603,                 9.3526,               0.008713,               0.008713,               0.008713
                     28,                 2.3857,                 2.4044,                 3.0585,                0.38909,                0.16176,                0.15252,                0.05871,                 3.3948,                 3.0026,                 10.814,              0.0086635,              0.0086635,              0.0086635
                     29,                 2.6285,                 2.3913,                 3.0785,                0.22152,                   0.25,                0.19548,                0.08534,                 2.5871,                 8.6292,                 8.9896,               0.008614,               0.008614,               0.008614
                     30,                  2.723,                 2.1833,                 2.8327,                0.41221,                0.17647,                0.18334,                0.08643,                 2.1839,                 5.2681,                 4.1973,              0.0085645,              0.0085645,              0.0085645
                     31,                 2.5452,                 2.7476,                 2.5585,                0.04926,                0.23529,                0.18247,                0.06783,                 2.2138,                 34.519,                 4.7503,               0.008515,               0.008515,               0.008515
                     32,                 2.4912,                 2.0181,                 2.8495,                 0.5105,                0.70588,                0.56508,                 0.2646,                 2.0079,                 2.3386,                 3.1304,              0.0084655,              0.0084655,              0.0084655
                     33,                 2.4502,                 2.1494,                 2.8314,                0.07637,                0.26471,                0.19154,                0.10001,                 2.1041,                 29.101,                 3.9869,               0.008416,               0.008416,               0.008416
                     34,                 2.3206,                 2.2804,                  2.519,                0.47489,                0.11765,                0.11413,                0.05811,                 2.4396,                 4.4889,                 3.8101,              0.0083665,              0.0083665,              0.0083665
                     35,                 2.3714,                 2.3289,                 2.5436,                0.60125,                0.51005,                0.59671,                0.27672,                 2.0235,                 2.3476,                 2.9678,               0.008317,               0.008317,               0.008317
                     36,                 2.2172,                 2.3962,                 2.5711,                0.49234,                0.52941,                0.48529,                0.22593,                 1.9919,                 2.4324,                 3.0837,              0.0082675,              0.0082675,              0.0082675
                     37,                 2.5954,                 2.2144,                 2.5566,                0.63402,                0.64706,                0.69805,                0.35943,                   1.96,                 1.8918,                 2.7282,               0.008218,               0.008218,               0.008218
                     38,                   2.15,                  2.006,                 2.3981,                0.65701,                    0.5,                0.56325,                0.25962,                  1.999,                  2.174,                 2.7664,              0.0081685,              0.0081685,              0.0081685
                     39,                 2.2881,                 1.8867,                 2.3691,                0.82426,                    0.5,                  0.665,                0.32516,                 1.9267,                 1.9055,                  2.575,               0.008119,               0.008119,               0.008119
                     40,                 2.1452,                 1.8102,                 2.2548,                0.73324,                0.52555,                0.63068,                0.29489,                  1.978,                 1.9795,                  2.762,              0.0080695,              0.0080695,              0.0080695
                     41,                 2.0863,                  1.855,                  2.311,                0.82472,                0.48529,                0.57602,                0.36404,                 1.7016,                  2.082,                 2.3506,                0.00802,                0.00802,                0.00802
                     42,                  2.002,                 1.7458,                 2.0906,                0.48863,                0.43567,                0.46934,                0.17989,                 2.1759,                 1.9398,                 2.9738,              0.0079705,              0.0079705,              0.0079705
                     43,                 2.5399,                 1.9063,                 2.4572,                0.79397,                0.14706,                0.21495,                 0.1041,                 2.0367,                 2.6245,                 2.5767,               0.007921,               0.007921,               0.007921
                     44,                 2.0627,                 1.8814,                 2.2267,                0.88815,                0.51471,                0.64527,                0.38249,                 1.6874,                 2.0202,                 2.1768,              0.0078715,              0.0078715,              0.0078715
                     45,                 1.9554,                 1.6175,                 2.0901,                 0.8495,                0.74713,                0.87412,                0.46108,                 1.8245,                 1.7815,                 2.3503,               0.007822,               0.007822,               0.007822
                     46,                 1.9873,                 1.6181,                 2.1313,                0.90169,                0.67442,                0.81411,                0.46654,                 1.7008,                 1.6925,                 2.3296,              0.0077725,              0.0077725,              0.0077725
                     47,                   2.07,                 1.6773,                  2.145,                0.82448,                0.60294,                0.78338,                0.39851,                 1.8244,                 1.6506,                 2.3581,               0.007723,               0.007723,               0.007723
                     48,                 2.0263,                 1.6581,                 2.2869,                0.46332,                   0.75,                0.52301,                0.27919,                   1.74,                 3.7277,                 2.5631,              0.0076735,              0.0076735,              0.0076735
                     49,                 2.0647,                 1.7274,                 2.1867,                0.47477,                0.66176,                0.55416,                 0.2605,                 2.0033,                 2.4093,                 2.4642,               0.007624,               0.007624,               0.007624
                     50,                 1.7451,                 1.4705,                  1.981,                0.75479,                0.73529,                0.79257,                 0.4408,                 1.7611,                 2.2155,                  2.303,              0.0075745,              0.0075745,              0.0075745
                     51,                 1.8203,                 1.6693,                 1.8778,                0.87362,                0.79412,                0.88602,                0.54082,                 1.5355,                 1.3985,                 2.0217,               0.007525,               0.007525,               0.007525
                     52,                 1.7235,                 1.5236,                 1.7954,                 0.8591,                0.76471,                0.89673,                0.52634,                 1.5452,                 1.5577,                 1.9884,              0.0074755,              0.0074755,              0.0074755
                     53,                 1.5939,                  1.468,                 1.8448,                 0.9131,                0.86765,                0.95517,                0.63059,                 1.4109,                 1.2532,                 2.0163,               0.007426,               0.007426,               0.007426
                     54,                 1.5625,                  1.492,                  1.866,                0.93978,                0.91176,                0.97019,                0.52706,                 1.6807,                 1.3389,                 2.2083,              0.0073765,              0.0073765,              0.0073765
                     55,                  1.819,                 1.4955,                 1.9925,                0.88929,                0.82353,                 0.9372,                0.61093,                 1.5242,                 1.3657,                 2.1864,               0.007327,               0.007327,               0.007327
                     56,                 1.4269,                 1.3263,                 1.7043,                 0.9787,                0.67581,                0.89668,                0.56114,                 1.5069,                 1.3319,                 2.0254,              0.0072775,              0.0072775,              0.0072775
                     57,                 1.7852,                  1.336,                 1.7574,                0.87582,                0.72606,                0.84164,                0.58149,                 1.4803,                 1.6841,                 2.0105,               0.007228,               0.007228,               0.007228
                     58,                 1.5914,                 1.4057,                 1.6817,                0.83359,                0.95767,                0.95789,                0.59157,                 1.5192,                 1.2598,                 1.9861,              0.0071785,              0.0071785,              0.0071785
                     59,                 1.6823,                 1.3119,                 1.7437,                0.97988,                0.71626,                0.87014,                0.55567,                 1.6723,                 1.6712,                 2.0962,               0.007129,               0.007129,               0.007129
                     60,                 1.5199,                 1.2416,                  1.693,                0.93145,                0.72059,                0.84239,                0.46874,                 1.6512,                   1.76,                 2.0293,              0.0070795,              0.0070795,              0.0070795
                     61,                 1.5868,                 1.2737,                  1.759,                0.83891,                0.70588,                0.79324,                0.42341,                 1.7092,                 1.6611,                 2.0426,                0.00703,                0.00703,                0.00703
                     62,                 1.5797,                 1.4313,                 1.6326,                0.95179,                0.86765,                0.96038,                 0.6888,                 1.2949,                 1.1116,                 1.7644,              0.0069805,              0.0069805,              0.0069805
                     63,                 1.5963,                 1.2814,                 1.7171,                0.95036,                0.92647,                 0.9708,                0.65877,                 1.2991,                 1.0925,                 1.7723,               0.006931,               0.006931,               0.006931
                     64,                 1.4671,                 1.2336,                 1.7676,                0.83486,                0.94118,                0.94842,                0.59861,                 1.4689,                  1.151,                 1.8799,              0.0068815,              0.0068815,              0.0068815
                     65,                 1.6175,                 1.3272,                 1.8187,                0.88545,                0.94118,                0.95372,                0.69987,                  1.241,                  1.063,                 1.7582,               0.006832,               0.006832,               0.006832
                     66,                 1.3095,                  1.214,                 1.5845,                0.87802,                0.95271,                0.95447,                0.59621,                 1.4042,                 1.6394,                 1.7911,              0.0067825,              0.0067825,              0.0067825
                     67,                 1.4239,                 1.2168,                 1.6628,                0.92869,                0.98529,                0.96498,                  0.649,                 1.1858,                 1.2328,                 1.6236,               0.006733,               0.006733,               0.006733
                     68,                 1.2796,                 1.1706,                 1.5398,                0.94522,                0.89706,                0.97752,                0.61642,                  1.159,                 1.5438,                 1.6166,              0.0066835,              0.0066835,              0.0066835
                     69,                 1.4001,                  1.117,                 1.5216,                0.95262,                0.95588,                0.95435,                0.67046,                 1.1776,                 1.3435,                 1.6049,               0.006634,               0.006634,               0.006634
                     70,                 1.5284,                 1.1886,                 1.6288,                0.95571,                0.95206,                0.97778,                0.63967,                 1.1539,                 1.1346,                 1.6135,              0.0065845,              0.0065845,              0.0065845
                     71,                 1.4282,                 1.3028,                 1.7261,                      1,                0.93987,                0.98498,                0.68962,                 1.1377,                 1.3337,                 1.6363,               0.006535,               0.006535,               0.006535
                     72,                 1.2829,                 1.0752,                 1.4918,                0.93787,                0.98529,                 0.9825,                0.74215,                 1.0761,                  1.022,                 1.4996,              0.0064855,              0.0064855,              0.0064855
                     73,                  1.306,                 1.0899,                 1.4102,                0.88025,                0.98529,                0.95759,                0.69303,                 1.0917,                 1.3204,                 1.5405,               0.006436,               0.006436,               0.006436
                     74,                 1.3129,                 1.1667,                 1.5909,                0.89849,                0.91113,                0.94538,                0.66261,                 1.1333,                 1.0827,                 1.5355,              0.0063865,              0.0063865,              0.0063865
                     75,                 1.1309,                 1.0438,                 1.3892,                0.89785,                 0.9049,                 0.9562,                0.66292,                 1.1079,                 1.1096,                 1.5143,               0.006337,               0.006337,               0.006337
                     76,                 1.3928,                 1.2105,                 1.6725,                0.94364,                0.98529,                0.97715,                0.75005,                0.99628,                 1.0714,                   1.51,              0.0062875,              0.0062875,              0.0062875
                     77,                 1.1939,                 1.0382,                  1.456,                0.94211,                0.95728,                0.98105,                0.72787,                 1.0086,                  1.002,                 1.4742,               0.006238,               0.006238,               0.006238
                     78,                 1.2377,                 1.0885,                 1.5652,                  0.921,                0.95588,                0.97445,                0.75001,                0.97872,                 1.1072,                 1.4634,              0.0061885,              0.0061885,              0.0061885
                     79,                 1.2044,                 1.0629,                 1.5575,                0.94499,                0.94118,                0.97707,                0.71663,                 1.0341,                 1.1831,                 1.4845,               0.006139,               0.006139,               0.006139
                     80,                 1.2385,                 1.0727,                 1.4689,                      1,                0.93512,                0.97992,                 0.7601,                0.93812,                0.91974,                 1.3861,              0.0060895,              0.0060895,              0.0060895
                     81,                 1.1332,                 1.0042,                 1.3549,                0.98475,                0.94998,                0.98439,                0.75628,                 1.0727,                0.98133,                 1.4471,                0.00604,                0.00604,                0.00604
                     82,                 1.2645,                 1.0219,                 1.4339,                0.96076,                0.94118,                0.97932,                0.74176,                  1.039,                0.91584,                 1.4628,              0.0059905,              0.0059905,              0.0059905
                     83,                 1.2998,                 1.1504,                 1.4595,                0.90265,                0.95455,                0.95807,                0.72673,                0.96656,                 1.3979,                 1.4365,               0.005941,               0.005941,               0.005941
                     84,                 1.2704,                 1.1303,                 1.5504,                      1,                0.96914,                0.98682,                0.74409,                0.89804,                 0.9173,                 1.3316,              0.0058915,              0.0058915,              0.0058915
                     85,                 1.2098,                 1.1152,                  1.441,                0.99211,                0.92647,                0.98333,                0.70189,                0.97636,                0.87593,                 1.3838,               0.005842,               0.005842,               0.005842
                     86,                 1.2747,                 1.0992,                  1.482,                0.99562,                0.97059,                0.98466,                0.76053,                0.87016,                0.87781,                 1.3214,              0.0057925,              0.0057925,              0.0057925
                     87,                 1.1615,                0.99978,                 1.4474,                0.98258,                0.97059,                0.98713,                0.74701,                0.97857,                0.95315,                 1.4184,               0.005743,               0.005743,               0.005743
                     88,                 1.1459,                0.94453,                 1.4207,                0.91387,                0.93628,                0.97829,                  0.704,                0.97032,                 1.0196,                 1.4365,              0.0056935,              0.0056935,              0.0056935
                     89,                 1.1532,                 0.9684,                 1.4496,                0.97053,                0.96875,                0.98583,                0.78508,                0.96468,                0.87811,                 1.4239,               0.005644,               0.005644,               0.005644
                     90,                 1.1955,                0.95883,                 1.3644,                0.96896,                0.97059,                0.98368,                 0.7434,                0.90043,                0.96549,                 1.3556,              0.0055945,              0.0055945,              0.0055945
                     91,                 1.1011,                0.95594,                 1.3733,                0.88751,                0.98529,                0.98711,                0.77233,                0.89814,                 1.3384,                 1.4257,               0.005545,               0.005545,               0.005545
                     92,                 1.0908,                 0.9986,                 1.3632,                0.84587,                0.96849,                0.91489,                0.70412,                0.96527,                 1.0606,                 1.4638,              0.0054955,              0.0054955,              0.0054955
                     93,                 1.1353,                 1.0773,                 1.4872,                0.98445,                0.97059,                0.98245,                0.75414,                0.95962,                 1.0235,                 1.3567,               0.005446,               0.005446,               0.005446
                     94,                 1.1311,                0.94685,                 1.3819,                0.98479,                  0.952,                0.98253,                0.76941,                0.89263,                0.83552,                 1.3173,              0.0053965,              0.0053965,              0.0053965
                     95,                 1.1038,                0.90931,                 1.4079,                0.98504,                0.96828,                0.98417,                0.76053,                0.90781,                 0.8164,                 1.3049,               0.005347,               0.005347,               0.005347
                     96,                  1.046,                0.83725,                 1.2774,                      1,                0.94053,                0.98575,                0.77447,                0.84471,                0.81992,                 1.2933,              0.0052975,              0.0052975,              0.0052975
                     97,                 1.0668,                 0.8628,                 1.2812,                0.97007,                0.95324,                0.98551,                0.75102,                 0.8694,                0.85175,                 1.2936,               0.005248,               0.005248,               0.005248
                     98,                 1.1909,                0.97854,                 1.5149,                0.95203,                0.97059,                0.98572,                0.78365,                0.89564,                0.79271,                  1.288,              0.0051985,              0.0051985,              0.0051985
                     99,                0.93113,                 0.8809,                 1.2119,                 0.9564,                0.96789,                0.98679,                 0.7807,                0.90821,                0.87292,                  1.373,               0.005149,               0.005149,               0.005149
                    100,                0.99083,                0.80514,                    1.2,                      1,                0.96792,                0.98845,                 0.7872,                0.84744,                0.72898,                 1.2956,              0.0050995,              0.0050995,              0.0050995
                    101,                 1.0572,                0.85975,                   1.34,                0.99463,                0.97059,                0.98747,                0.77785,                0.85934,                0.74545,                 1.3129,                0.00505,                0.00505,                0.00505
                    102,                 1.0543,                0.87837,                  1.204,                0.98451,                0.93484,                0.98265,                0.77143,                0.77475,                0.75284,                 1.2357,              0.0050005,              0.0050005,              0.0050005
                    103,                 1.0785,                0.91019,                  1.293,                0.98874,                0.95588,                0.98619,                0.76857,                0.90034,                0.72607,                  1.299,               0.004951,               0.004951,               0.004951
                    104,                0.97488,                0.88811,                 1.3219,                0.96316,                0.95588,                0.98609,                0.80316,                0.80461,                0.71997,                 1.2482,              0.0049015,              0.0049015,              0.0049015
                    105,                 1.0141,                 0.8099,                 1.3783,                0.99139,                0.95588,                0.98554,                0.76513,                0.90513,                0.72639,                 1.2672,               0.004852,               0.004852,               0.004852
                    106,                0.96159,                0.81461,                 1.2662,                  0.961,                0.95588,                0.98311,                0.77082,                0.78244,                0.72488,                 1.2268,              0.0048025,              0.0048025,              0.0048025
                    107,                0.97491,                 1.0274,                 1.5046,                0.98048,                0.95588,                0.98469,                 0.7945,                0.72519,                 0.6977,                 1.2058,               0.004753,               0.004753,               0.004753
                    108,                0.98073,                0.90862,                 1.3703,                0.97972,                0.95588,                0.98404,                0.76566,                0.81154,                0.76572,                 1.2167,              0.0047035,              0.0047035,              0.0047035
                    109,                0.91228,                0.79899,                 1.3038,                0.98813,                0.95588,                0.98779,                0.80508,                0.78692,                 0.7153,                 1.2203,               0.004654,               0.004654,               0.004654
                    110,                 1.0201,                 0.8946,                 1.2804,                 0.9852,                0.97926,                0.98747,                0.78391,                0.79396,                 0.7176,                 1.2538,              0.0046045,              0.0046045,              0.0046045
                    111,                 1.0892,                0.88273,                 1.3981,                0.95466,                0.95588,                0.98255,                0.76738,                0.86232,                0.72748,                 1.2964,               0.004555,               0.004555,               0.004555
                    112,                0.93535,                 0.8306,                 1.2797,                0.95659,                0.97227,                0.98843,                0.77114,                0.77567,                0.70361,                 1.2375,              0.0045055,              0.0045055,              0.0045055
                    113,                 1.0086,                0.82778,                 1.2645,                0.97049,                0.96723,                0.98777,                0.79713,                 0.7833,                0.72312,                 1.2109,               0.004456,               0.004456,               0.004456
                    114,                0.95431,                0.81171,                 1.2517,                0.98054,                0.94118,                0.98556,                0.78991,                0.79766,                0.71029,                 1.2215,              0.0044065,              0.0044065,              0.0044065
                    115,                0.96371,                0.82975,                 1.1633,                 0.9846,                0.94016,                  0.982,                0.72107,                0.82731,                0.83971,                 1.2128,               0.004357,               0.004357,               0.004357
                    116,                0.95399,                0.80246,                 1.1985,                      1,                0.92365,                0.98066,                0.80713,                0.71974,                0.73412,                 1.1664,              0.0043075,              0.0043075,              0.0043075
                    117,                0.97098,                0.82341,                 1.2868,                0.99476,                0.92647,                0.98555,                 0.8144,                0.71967,                0.67989,                 1.1581,               0.004258,               0.004258,               0.004258
                    118,                0.97101,                0.80263,                 1.2574,                0.98113,                0.98529,                0.98745,                0.81261,                0.73112,                0.68598,                 1.1739,              0.0042085,              0.0042085,              0.0042085
                    119,                0.94444,                0.82312,                  1.283,                0.97008,                0.95368,                0.98589,                0.80164,                 0.7176,                0.76559,                 1.1716,               0.004159,               0.004159,               0.004159
                    120,                0.99672,                0.85052,                 1.2752,                 0.9639,                0.82353,                0.95149,                0.75547,                0.74605,                 0.8793,                 1.1919,              0.0041095,              0.0041095,              0.0041095
                    121,                0.96433,                0.87341,                 1.2591,                0.93735,                0.98529,                 0.9845,                0.80543,                0.69974,                0.75242,                 1.1702,                0.00406,                0.00406,                0.00406
                    122,                0.96021,                0.84069,                 1.2576,                0.98458,                0.97059,                 0.9898,                0.79926,                0.73164,                0.73521,                 1.1804,              0.0040105,              0.0040105,              0.0040105
                    123,                 1.1529,                0.88755,                 1.2501,                0.98498,                0.96421,                0.99013,                0.79539,                 0.7515,                0.78332,                 1.1933,               0.003961,               0.003961,               0.003961
                    124,                0.93761,                0.81594,                 1.2528,                 0.9951,                0.97059,                0.99062,                0.80937,                0.71875,                0.65504,                 1.1587,              0.0039115,              0.0039115,              0.0039115
                    125,                0.89736,                0.79555,                 1.1776,                0.98185,                0.97059,                0.98932,                0.80203,                0.72297,                0.65438,                 1.1444,               0.003862,               0.003862,               0.003862
                    126,                0.92506,                0.79989,                 1.2727,                  0.985,                 0.9655,                0.98867,                0.80926,                0.69922,                0.63099,                 1.1372,              0.0038125,              0.0038125,              0.0038125
                    127,                0.95048,                0.86481,                  1.183,                0.96852,                0.90494,                0.97867,                 0.8038,                0.68199,                0.75182,                 1.1267,               0.003763,               0.003763,               0.003763
                    128,                0.90409,                0.81859,                 1.1498,                0.99681,                0.98529,                0.99091,                0.82294,                0.69748,                0.65006,                 1.1228,              0.0037135,              0.0037135,              0.0037135
                    129,                0.84322,                0.73852,                 1.1916,                0.98405,                0.98529,                0.99116,                 0.8115,                0.72799,                0.66184,                  1.129,               0.003664,               0.003664,               0.003664
                    130,                0.90265,                0.75926,                 1.2085,                0.98323,                0.98529,                0.99021,                0.82615,                 0.6787,                0.71162,                 1.1179,              0.0036145,              0.0036145,              0.0036145
                    131,                0.90001,                0.77166,                 1.2881,                0.98554,                0.98529,                0.99148,                 0.8362,                0.67958,                0.70222,                 1.1323,               0.003565,               0.003565,               0.003565
                    132,                0.87081,                0.76428,                 1.1441,                0.99676,                0.98529,                0.99148,                0.82138,                0.67803,                0.64215,                 1.1228,              0.0035155,              0.0035155,              0.0035155
                    133,                0.86263,                0.79605,                 1.1751,                0.96928,                0.98529,                0.98948,                  0.832,                0.68888,                 0.6559,                  1.116,               0.003466,               0.003466,               0.003466
                    134,                0.96013,                0.83382,                 1.2184,                0.99398,                0.98529,                0.99223,                 0.8292,                0.70477,                0.64893,                  1.109,              0.0034165,              0.0034165,              0.0034165
                    135,                0.90155,                0.75497,                 1.1183,                0.98284,                0.98529,                0.99258,                0.84347,                0.68473,                0.61153,                 1.1098,               0.003367,               0.003367,               0.003367
                    136,                0.84559,                0.73346,                 1.1282,                0.99841,                0.98529,                0.99319,                0.83165,                0.67251,                0.60966,                  1.104,              0.0033175,              0.0033175,              0.0033175
                    137,                0.86092,                0.73211,                 1.1281,                0.99901,                0.98529,                0.99395,                0.83856,                0.63228,                0.56415,                 1.0773,               0.003268,               0.003268,               0.003268
                    138,                0.85384,                0.74964,                 1.1514,                0.99672,                0.98529,                0.99361,                0.84802,                0.64111,                0.58992,                  1.074,              0.0032185,              0.0032185,              0.0032185
                    139,                0.88071,                0.71813,                 1.1354,                 0.9984,                0.98529,                0.99361,                 0.8467,                0.66668,                0.57287,                 1.1044,               0.003169,               0.003169,               0.003169
                    140,                 0.7458,                0.67271,                 1.1327,                0.99781,                0.98529,                 0.9931,                0.84924,                0.61491,                0.57128,                 1.0688,              0.0031195,              0.0031195,              0.0031195
                    141,                0.90176,                0.73683,                  1.132,                0.99816,                0.98529,                0.99329,                0.86737,                0.59013,                0.53948,                 1.0609,                0.00307,                0.00307,                0.00307
                    142,                0.81223,                0.70257,                 1.1085,                0.99765,                0.98529,                0.99319,                0.86309,                0.61873,                0.52812,                 1.0666,              0.0030205,              0.0030205,              0.0030205
                    143,                0.83139,                0.64497,                 1.0907,                0.99788,                0.98529,                0.99395,                0.82262,                0.66864,                0.60602,                 1.0902,               0.002971,               0.002971,               0.002971
                    144,                0.79834,                0.72798,                 1.1526,                0.99807,                0.98529,                0.99407,                 0.8524,                0.60677,                0.54925,                 1.0539,              0.0029215,              0.0029215,              0.0029215
                    145,                  0.796,                0.75374,                 1.1597,                0.99796,                0.98529,                0.99361,                0.84214,                0.62621,                0.55164,                 1.0719,               0.002872,               0.002872,               0.002872
                    146,                0.85052,                0.77089,                 1.1468,                0.99819,                0.98529,                0.99361,                0.85286,                0.61477,                0.54885,                 1.0532,              0.0028225,              0.0028225,              0.0028225
                    147,                0.83413,                0.70506,                 1.1071,                0.99702,                0.98529,                 0.9931,                0.85638,                0.59549,                0.53024,                 1.0558,               0.002773,               0.002773,               0.002773
                    148,                0.81939,                0.72706,                 1.1547,                0.99853,                0.98529,                0.99291,                0.85068,                0.63302,                0.56176,                 1.0633,              0.0027235,              0.0027235,              0.0027235
                    149,                0.76375,                0.64389,                 1.0689,                0.99797,                0.98529,                0.99231,                0.86242,                0.63038,                 0.5496,                 1.0631,               0.002674,               0.002674,               0.002674
                    150,                 0.7973,                0.69565,                 1.0866,                0.99607,                0.98529,                 0.9918,                0.83949,                0.66645,                0.57178,                 1.0638,              0.0026245,              0.0026245,              0.0026245
                    151,                0.86404,                0.72647,                 1.1481,                0.99706,                0.98529,                0.99124,                0.84764,                0.60164,                0.54943,                 1.0489,               0.002575,               0.002575,               0.002575
                    152,                0.81849,                0.72523,                 1.1029,                      1,                0.98216,                0.99154,                0.84368,                0.58176,                0.56324,                 1.0337,              0.0025255,              0.0025255,              0.0025255
                    153,                0.80182,                0.73434,                 1.1384,                      1,                0.98134,                0.99187,                0.85896,                0.60785,                0.54325,                 1.0498,               0.002476,               0.002476,               0.002476
                    154,                0.82779,                0.71211,                 1.1514,                0.99949,                0.98529,                0.99194,                0.85865,                0.61243,                0.55744,                 1.0578,              0.0024265,              0.0024265,              0.0024265
                    155,                0.77319,                0.65151,                 1.1223,                 0.9993,                0.98529,                0.99148,                0.87043,                0.57287,                0.57114,                 1.0372,               0.002377,               0.002377,               0.002377
                    156,                0.82364,                0.70664,                 1.1446,                0.99838,                0.98529,                0.99273,                0.86104,                0.59424,                0.54419,                 1.0448,              0.0023275,              0.0023275,              0.0023275
                    157,                0.72125,                0.65038,                 1.0871,                0.99996,                0.98529,                0.99282,                 0.8777,                0.55407,                 0.5164,                 1.0258,               0.002278,               0.002278,               0.002278
                    158,                0.75513,                0.67201,                 1.0845,                0.99963,                0.98529,                0.99319,                0.85026,                0.58679,                0.50445,                 1.0345,              0.0022285,              0.0022285,              0.0022285
                    159,                0.76679,                0.72545,                 1.1613,                0.99688,                0.98529,                 0.9935,                0.84376,                0.58163,                0.49613,                 1.0245,               0.002179,               0.002179,               0.002179
                    160,                0.69171,                0.66884,                 1.0369,                0.99846,                0.98529,                0.99361,                0.84417,                0.60259,                0.51572,                 1.0261,              0.0021295,              0.0021295,              0.0021295
                    161,                0.76969,                0.69531,                 1.1413,                0.99829,                0.98529,                0.99361,                 0.8657,                0.58739,                0.49536,                 1.0217,                0.00208,                0.00208,                0.00208
                    162,                0.75162,                0.65097,                 1.1194,                0.99735,                0.98529,                 0.9935,                0.85797,                0.60568,                0.51667,                 1.0336,              0.0020305,              0.0020305,              0.0020305
                    163,                0.76152,                0.63413,                 1.0461,                0.99771,                0.98529,                0.99361,                 0.8576,                0.58711,                0.56102,                 1.0312,               0.001981,               0.001981,               0.001981
                    164,                0.87095,                0.78042,                 1.2508,                0.99635,                0.98529,                0.99407,                0.86109,                0.57365,                0.50993,                 1.0063,              0.0019315,              0.0019315,              0.0019315
                    165,                0.75911,                0.72176,                 1.1071,                      1,                 0.9828,                0.99407,                0.86458,                0.63198,                0.52678,                 1.0335,               0.001882,               0.001882,               0.001882
                    166,                0.86228,                0.74126,                  1.207,                0.99645,                0.97059,                0.99404,                0.86424,                0.63804,                0.52335,                 1.0376,              0.0018325,              0.0018325,              0.0018325
                    167,                0.73782,                0.67176,                 1.1271,                0.99978,                0.98529,                0.99444,                0.87687,                0.58749,                0.52153,                 1.0154,               0.001783,               0.001783,               0.001783
                    168,                0.75843,                0.62986,                 1.0475,                0.99854,                0.98529,                0.99444,                0.86773,                 0.5632,                0.51203,                0.99521,              0.0017335,              0.0017335,              0.0017335
                    169,                0.76746,                 0.6729,                 1.1474,                0.98511,                0.97303,                0.99443,                0.86499,                0.54577,                0.52397,                0.99193,               0.001684,               0.001684,               0.001684
                    170,                0.77299,                0.66507,                 1.1083,                0.99515,                0.97059,                 0.9943,                0.86566,                 0.5569,                0.52069,                0.99922,              0.0016345,              0.0016345,              0.0016345
                    171,                 0.7772,                0.60625,                 1.1024,                0.99816,                0.98529,                0.99419,                0.86928,                0.54429,                0.50695,                0.99622,               0.001585,               0.001585,               0.001585
                    172,                0.77796,                 0.6454,                 1.0912,                0.99812,                0.98529,                0.99395,                 0.8743,                0.54219,                0.49424,                0.99497,              0.0015355,              0.0015355,              0.0015355
                    173,                 0.7017,                 0.6101,                 1.0457,                0.99807,                0.98529,                0.99419,                0.87147,                 0.5424,                0.49423,                0.98777,               0.001486,               0.001486,               0.001486
                    174,                0.76366,                0.64582,                 1.0783,                0.99844,                0.98529,                0.99407,                0.87675,                0.55637,                0.48054,                 0.9887,              0.0014365,              0.0014365,              0.0014365
                    175,                0.77051,                0.65152,                 1.1025,                0.99825,                0.98529,                0.99395,                0.87239,                0.54834,                0.49243,                0.98622,               0.001387,               0.001387,               0.001387
                    176,                0.69798,                0.62416,                 1.0471,                0.99817,                0.98529,                0.99395,                0.87438,                0.53843,                0.49139,                0.98683,              0.0013375,              0.0013375,              0.0013375
                    177,                0.71384,                0.56319,                 0.9885,                0.99844,                0.98529,                0.99383,                0.87369,                0.55299,                 0.4917,                0.99197,               0.001288,               0.001288,               0.001288
                    178,                0.74875,                0.61749,                 1.0847,                0.99824,                0.98529,                 0.9934,                0.86399,                0.55886,                0.50293,                0.99511,              0.0012385,              0.0012385,              0.0012385
                    179,                0.74039,                0.61209,                 1.0794,                 0.9973,                0.98529,                0.99407,                0.88274,                0.53388,                0.51002,                0.98287,               0.001189,               0.001189,               0.001189
                    180,                0.77694,                 0.6559,                 1.0819,                0.99678,                0.98529,                0.99419,                0.87463,                0.52286,                0.50168,                0.97822,              0.0011395,              0.0011395,              0.0011395
                    181,                0.71072,                0.64775,                 1.0547,                0.99648,                0.98529,                0.99432,                0.86855,                0.52401,                0.50241,                 0.9746,                0.00109,                0.00109,                0.00109
                    182,                0.74179,                0.62452,                 1.0309,                0.99349,                0.98529,                0.99471,                0.85146,                0.53137,                0.52045,                0.97632,              0.0010405,              0.0010405,              0.0010405
                    183,                0.79213,                0.69628,                 1.0985,                0.99265,                0.98529,                0.99471,                0.86559,                0.51953,                0.52297,                0.97607,               0.000991,               0.000991,               0.000991
                    184,                0.69409,                0.59358,                 1.0414,                0.99746,                0.98529,                0.99471,                0.87084,                0.51972,                0.49971,                0.97744,              0.0009415,              0.0009415,              0.0009415
                    185,                 0.7358,                0.60516,                 1.0345,                      1,                0.99802,                  0.995,                0.87176,                0.53333,                0.50241,                0.98779,               0.000892,               0.000892,               0.000892
                    186,                0.68743,                0.62097,                 1.0887,                      1,                0.99831,                  0.995,                0.87884,                0.52801,                0.49672,                 0.9906,              0.0008425,              0.0008425,              0.0008425
                    187,                0.69664,                0.65118,                 1.0405,                      1,                0.99851,                  0.995,                0.88512,                0.51972,                0.47584,                0.98881,               0.000793,               0.000793,               0.000793
                    188,                0.67669,                0.58645,                 1.0106,                      1,                0.99856,                  0.995,                0.87915,                0.51688,                0.46707,                0.98246,              0.0007435,              0.0007435,              0.0007435
                    189,                 0.6843,                 0.5584,                 1.0313,                      1,                 0.9988,                  0.995,                0.88148,                0.51037,                0.46512,                0.97843,               0.000694,               0.000694,               0.000694
                    190,                0.59006,                0.54868,                0.97941,                      1,                0.99882,                  0.995,                0.88395,                0.51013,                0.46269,                0.97644,              0.0006445,              0.0006445,              0.0006445
                    191,                0.71048,                 0.6153,                 1.0844,                      1,                0.99888,                  0.995,                0.89209,                0.49675,                  0.473,                0.97401,               0.000595,               0.000595,               0.000595
                    192,                0.68509,                0.57376,                 1.0219,                      1,                0.99898,                  0.995,                0.89048,                0.48566,                0.47212,                0.97048,              0.0005455,              0.0005455,              0.0005455
                    193,                0.77866,                0.61345,                 1.1119,                      1,                0.99898,                  0.995,                0.89895,                0.48466,                0.48513,                 0.9668,               0.000496,               0.000496,               0.000496
                    194,                0.73987,                0.64268,                 1.1013,                      1,                0.99877,                  0.995,                0.89889,                0.48494,                0.48932,                 0.9667,              0.0004465,              0.0004465,              0.0004465
                    195,                0.70883,                0.64621,                 1.0626,                      1,                 0.9988,                  0.995,                0.89375,                0.49483,                0.47939,                0.96481,               0.000397,               0.000397,               0.000397
                    196,                0.65238,                0.63247,                 1.0548,                      1,                0.99874,                  0.995,                0.89679,                0.49626,                0.46925,                 0.9629,              0.0003475,              0.0003475,              0.0003475
                    197,                 0.7258,                0.65391,                 1.0674,                      1,                0.99886,                  0.995,                0.88936,                0.49534,                0.46202,                0.95991,               0.000298,               0.000298,               0.000298
                    198,                0.70931,                0.59987,                 1.0697,                      1,                0.99875,                  0.995,                0.89626,                0.49793,                0.46039,                0.95989,              0.0002485,              0.0002485,              0.0002485
                    199,                0.70752,                0.61939,                 1.0822,                      1,                0.99882,                  0.995,                0.89238,                0.50667,                0.45693,                0.96687,               0.000199,               0.000199,               0.000199
